[{"model": "main.recipe", "pk": 36, "fields": {"title": "Chocolate Chip Cookies", "description": "A simple but timeless cookie recipe.", "estDuration": 40, "avgDuration": 0, "difficulty": 1, "rating": 5, "image": "recipe_image/chocolate_chip_cookie.jpeg", "utensils": [3, 5, 18], "keywords": [2]}}, {"model": "main.recipe", "pk": 39, "fields": {"title": "Summer Salad", "description": "A healthy and fruity salad with lots of protein.", "estDuration": 25, "avgDuration": 0, "difficulty": 1, "rating": 4, "image": "recipe_image/summer_salad.jpeg", "utensils": [11, 12], "keywords": []}}, {"model": "main.recipe", "pk": 40, "fields": {"title": "Butter Chicken", "description": "A rich but healthy take on the classic dish.", "estDuration": 35, "avgDuration": 0, "difficulty": 2, "rating": 3, "image": "recipe_image/butter_chicken.jpeg", "utensils": [10, 11, 22], "keywords": [20, 21]}}, {"model": "main.recipe", "pk": 41, "fields": {"title": "Carrot Cake", "description": "A moist and flavorful cake. A perfect snack with afternoon tea.", "estDuration": 75, "avgDuration": 0, "difficulty": 2, "rating": 5, "image": "recipe_image/carrot_cake.jpeg", "utensils": [3, 4, 5, 6, 7, 8, 9, 18], "keywords": [2]}}, {"model": "main.recipe", "pk": 42, "fields": {"title": "Avo Toast", "description": "A healthy and colorful breakfast", "estDuration": 15, "avgDuration": 0, "difficulty": 3, "rating": 5, "image": "recipe_image/avo_toast.jpeg", "utensils": [11, 12], "keywords": [19]}}, {"model": "main.recipe", "pk": 43, "fields": {"title": "Healthy Blueberry Muffins", "description": "A healthy but still tasty snack.", "estDuration": 50, "avgDuration": 0, "difficulty": 3, "rating": 3, "image": "recipe_image/blueberry_muffins.jpeg", "utensils": [3, 4, 5, 7, 8, 9, 21], "keywords": [19, 22]}}, {"model": "main.ingredient", "pk": 1, "fields": {"name": "Filet Mignon"}}, {"model": "main.ingredient", "pk": 2, "fields": {"name": "Salt"}}, {"model": "main.ingredient", "pk": 4, "fields": {"name": "Butter"}}, {"model": "main.ingredient", "pk": 5, "fields": {"name": "All-purpose Flour"}}, {"model": "main.ingredient", "pk": 6, "fields": {"name": "White Sugar"}}, {"model": "main.ingredient", "pk": 7, "fields": {"name": "Active Dry Yeast"}}, {"model": "main.ingredient", "pk": 8, "fields": {"name": "Egg White"}}, {"model": "main.ingredient", "pk": 9, "fields": {"name": "Eggs"}}, {"model": "main.ingredient", "pk": 12, "fields": {"name": "Brown Sugar"}}, {"model": "main.ingredient", "pk": 13, "fields": {"name": "Egg Yolk"}}, {"model": "main.ingredient", "pk": 14, "fields": {"name": "Baking Powder"}}, {"model": "main.ingredient", "pk": 15, "fields": {"name": "Baking Soda"}}, {"model": "main.ingredient", "pk": 17, "fields": {"name": "Plain Flour"}}, {"model": "main.ingredient", "pk": 18, "fields": {"name": "Cake Flour"}}, {"model": "main.ingredient", "pk": 19, "fields": {"name": "Unbleached Flour"}}, {"model": "main.ingredient", "pk": 20, "fields": {"name": "Chocolate Chips"}}, {"model": "main.ingredient", "pk": 21, "fields": {"name": "Vanilla Extract"}}, {"model": "main.ingredient", "pk": 22, "fields": {"name": "Milk"}}, {"model": "main.ingredient", "pk": 23, "fields": {"name": "Strawberries"}}, {"model": "main.ingredient", "pk": 24, "fields": {"name": "Feta"}}, {"model": "main.ingredient", "pk": 25, "fields": {"name": "Arugula"}}, {"model": "main.ingredient", "pk": 26, "fields": {"name": "Balsamic Vinegar"}}, {"model": "main.ingredient", "pk": 27, "fields": {"name": "Garlic"}}, {"model": "main.ingredient", "pk": 28, "fields": {"name": "Onion"}}, {"model": "main.ingredient", "pk": 29, "fields": {"name": "Red Onion"}}, {"model": "main.ingredient", "pk": 30, "fields": {"name": "Spinach"}}, {"model": "main.ingredient", "pk": 31, "fields": {"name": "Carrots"}}, {"model": "main.ingredient", "pk": 32, "fields": {"name": "Celery"}}, {"model": "main.ingredient", "pk": 33, "fields": {"name": "Ground Beef"}}, {"model": "main.ingredient", "pk": 34, "fields": {"name": "Red Wine"}}, {"model": "main.ingredient", "pk": 35, "fields": {"name": "Taglietelle"}}, {"model": "main.ingredient", "pk": 36, "fields": {"name": "Panchetta"}}, {"model": "main.ingredient", "pk": 37, "fields": {"name": "Olive Oil"}}, {"model": "main.ingredient", "pk": 38, "fields": {"name": "Pepper"}}, {"model": "main.ingredient", "pk": 39, "fields": {"name": "Basil"}}, {"model": "main.ingredient", "pk": 40, "fields": {"name": "Oregano"}}, {"model": "main.ingredient", "pk": 41, "fields": {"name": "Black Pepper"}}, {"model": "main.ingredient", "pk": 42, "fields": {"name": "Paprika"}}, {"model": "main.ingredient", "pk": 43, "fields": {"name": "Cayenne Pepper"}}, {"model": "main.ingredient", "pk": 44, "fields": {"name": "Cumin"}}, {"model": "main.ingredient", "pk": 45, "fields": {"name": "Black Beans (Canned)"}}, {"model": "main.ingredient", "pk": 46, "fields": {"name": "Corn"}}, {"model": "main.ingredient", "pk": 47, "fields": {"name": "Bell Peppers"}}, {"model": "main.ingredient", "pk": 48, "fields": {"name": "Pinto Beans"}}, {"model": "main.ingredient", "pk": 49, "fields": {"name": "Kidney Beans"}}, {"model": "main.ingredient", "pk": 50, "fields": {"name": "Chickpeas"}}, {"model": "main.ingredient", "pk": 51, "fields": {"name": "Cheddar (grated)"}}, {"model": "main.ingredient", "pk": 52, "fields": {"name": "Parmigiano Reggiano"}}, {"model": "main.ingredient", "pk": 53, "fields": {"name": "Vegetable Stock"}}, {"model": "main.ingredient", "pk": 54, "fields": {"name": "Chicken Stock"}}, {"model": "main.ingredient", "pk": 55, "fields": {"name": "Butternut Squash (peeled and cubed)"}}, {"model": "main.ingredient", "pk": 56, "fields": {"name": "Orange"}}, {"model": "main.ingredient", "pk": 57, "fields": {"name": "Orange Zest"}}, {"model": "main.ingredient", "pk": 58, "fields": {"name": "Carrot (grated)"}}, {"model": "main.ingredient", "pk": 59, "fields": {"name": "Nutmeg"}}, {"model": "main.ingredient", "pk": 60, "fields": {"name": "Cinnamon"}}, {"model": "main.ingredient", "pk": 61, "fields": {"name": "Cloves"}}, {"model": "main.ingredient", "pk": 63, "fields": {"name": "Powdered Sugar"}}, {"model": "main.ingredient", "pk": 64, "fields": {"name": "Butter (softened)"}}, {"model": "main.ingredient", "pk": 65, "fields": {"name": "Muesli"}}, {"model": "main.ingredient", "pk": 66, "fields": {"name": "Plain Yogurt"}}, {"model": "main.ingredient", "pk": 67, "fields": {"name": "Honey"}}, {"model": "main.ingredient", "pk": 68, "fields": {"name": "Rosa Tomatoes (chopped)"}}, {"model": "main.ingredient", "pk": 69, "fields": {"name": "Whole Tomatoes (canned, peeled)"}}, {"model": "main.ingredient", "pk": 70, "fields": {"name": "Diced Tomatoes (canned)"}}, {"model": "main.ingredient", "pk": 71, "fields": {"name": "Tomato Paste"}}, {"model": "main.ingredient", "pk": 72, "fields": {"name": "Cream"}}, {"model": "main.ingredient", "pk": 73, "fields": {"name": "Chicken Thighs"}}, {"model": "main.ingredient", "pk": 74, "fields": {"name": "Rice"}}, {"model": "main.ingredient", "pk": 75, "fields": {"name": "Naan Bread"}}, {"model": "main.ingredient", "pk": 76, "fields": {"name": "Kiwis"}}, {"model": "main.ingredient", "pk": 77, "fields": {"name": "Plums"}}, {"model": "main.ingredient", "pk": 78, "fields": {"name": "Peaches"}}, {"model": "main.ingredient", "pk": 79, "fields": {"name": "Lime Juice"}}, {"model": "main.ingredient", "pk": 80, "fields": {"name": "Hass Avocados"}}, {"model": "main.ingredient", "pk": 81, "fields": {"name": "Whole Grain Seed Bread (sliced)"}}, {"model": "main.ingredient", "pk": 82, "fields": {"name": "White Vinegar"}}, {"model": "main.ingredient", "pk": 83, "fields": {"name": "White Balsamic Vinegar"}}, {"model": "main.ingredient", "pk": 84, "fields": {"name": "Cream Cheese"}}, {"model": "main.ingredient", "pk": 85, "fields": {"name": "Semi-sweet Baking Chcolate"}}, {"model": "main.ingredient", "pk": 86, "fields": {"name": "Oreos"}}, {"model": "main.ingredient", "pk": 87, "fields": {"name": "Kalmata Olives"}}, {"model": "main.ingredient", "pk": 88, "fields": {"name": "Cucumber"}}, {"model": "main.ingredient", "pk": 89, "fields": {"name": "Romaine Lettuce"}}, {"model": "main.ingredient", "pk": 90, "fields": {"name": "Tomatoes"}}, {"model": "main.ingredient", "pk": 111, "fields": {"name": "Almonds"}}, {"model": "main.ingredient", "pk": 112, "fields": {"name": "Chicken Breasts"}}, {"model": "main.ingredient", "pk": 113, "fields": {"name": "Butter Chicken Spice Packet"}}, {"model": "main.ingredient", "pk": 114, "fields": {"name": "Heavy Cream"}}, {"model": "main.ingredient", "pk": 115, "fields": {"name": "Tomato Puree"}}, {"model": "main.ingredient", "pk": 116, "fields": {"name": "Vegetable Oil"}}, {"model": "main.ingredient", "pk": 117, "fields": {"name": "Pecans (chopped)"}}, {"model": "main.ingredient", "pk": 118, "fields": {"name": "Lemons"}}, {"model": "main.ingredient", "pk": 119, "fields": {"name": "Red Pepper Flakes"}}, {"model": "main.ingredient", "pk": 120, "fields": {"name": "Whole wheat flour"}}, {"model": "main.ingredient", "pk": 121, "fields": {"name": "Apple sauce"}}, {"model": "main.ingredient", "pk": 122, "fields": {"name": "Greek Yogurt"}}, {"model": "main.ingredient", "pk": 123, "fields": {"name": "Blueberries"}}, {"model": "main.ingredient", "pk": 124, "fields": {"name": "Coarse Sugar"}}, {"model": "main.recipetoingredient", "pk": 35, "fields": {"recipe": 36, "ingredient": 21, "quantity": 1.0, "unit": 8}}, {"model": "main.recipetoingredient", "pk": 40, "fields": {"recipe": 36, "ingredient": 6, "quantity": 0.74, "unit": 1}}, {"model": "main.recipetoingredient", "pk": 41, "fields": {"recipe": 39, "ingredient": 25, "quantity": 4.0, "unit": 10}}, {"model": "main.recipetoingredient", "pk": 42, "fields": {"recipe": 39, "ingredient": 24, "quantity": 0.5, "unit": 1}}, {"model": "main.recipetoingredient", "pk": 43, "fields": {"recipe": 39, "ingredient": 111, "quantity": 0.25, "unit": 1}}, {"model": "main.recipetoingredient", "pk": 44, "fields": {"recipe": 39, "ingredient": 112, "quantity": 1.0, "unit": 4}}, {"model": "main.recipetoingredient", "pk": 45, "fields": {"recipe": 39, "ingredient": 27, "quantity": 2.0, "unit": 7}}, {"model": "main.recipetoingredient", "pk": 46, "fields": {"recipe": 39, "ingredient": 26, "quantity": 4.0, "unit": 8}}, {"model": "main.recipetoingredient", "pk": 47, "fields": {"recipe": 39, "ingredient": 37, "quantity": 3.0, "unit": 8}}, {"model": "main.recipetoingredient", "pk": 48, "fields": {"recipe": 39, "ingredient": 39, "quantity": 1.0, "unit": 10}}, {"model": "main.recipetoingredient", "pk": 49, "fields": {"recipe": 39, "ingredient": 23, "quantity": 0.5, "unit": 1}}, {"model": "main.recipetoingredient", "pk": 50, "fields": {"recipe": 39, "ingredient": 80, "quantity": 2.0, "unit": 7}}, {"model": "main.recipetoingredient", "pk": 51, "fields": {"recipe": 40, "ingredient": 112, "quantity": 2.0, "unit": 7}}, {"model": "main.recipetoingredient", "pk": 52, "fields": {"recipe": 40, "ingredient": 113, "quantity": 1.0, "unit": 7}}, {"model": "main.recipetoingredient", "pk": 53, "fields": {"recipe": 40, "ingredient": 114, "quantity": 250.0, "unit": 6}}, {"model": "main.recipetoingredient", "pk": 54, "fields": {"recipe": 40, "ingredient": 115, "quantity": 1.0, "unit": 1}}, {"model": "main.recipetoingredient", "pk": 55, "fields": {"recipe": 40, "ingredient": 74, "quantity": 1.0, "unit": 1}}, {"model": "main.recipetoingredient", "pk": 56, "fields": {"recipe": 40, "ingredient": 29, "quantity": 1.0, "unit": 7}}, {"model": "main.recipetoingredient", "pk": 57, "fields": {"recipe": 40, "ingredient": 116, "quantity": 2.0, "unit": 8}}, {"model": "main.recipetoingredient", "pk": 58, "fields": {"recipe": 40, "ingredient": 71, "quantity": 2.0, "unit": 8}}, {"model": "main.recipetoingredient", "pk": 59, "fields": {"recipe": 41, "ingredient": 9, "quantity": 4.0, "unit": 7}}, {"model": "main.recipetoingredient", "pk": 60, "fields": {"recipe": 41, "ingredient": 116, "quantity": 1.25, "unit": 1}}, {"model": "main.recipetoingredient", "pk": 61, "fields": {"recipe": 41, "ingredient": 6, "quantity": 2.0, "unit": 1}}, {"model": "main.recipetoingredient", "pk": 62, "fields": {"recipe": 41, "ingredient": 21, "quantity": 2.0, "unit": 9}}, {"model": "main.recipetoingredient", "pk": 63, "fields": {"recipe": 41, "ingredient": 5, "quantity": 2.0, "unit": 1}}, {"model": "main.recipetoingredient", "pk": 64, "fields": {"recipe": 41, "ingredient": 15, "quantity": 2.0, "unit": 9}}, {"model": "main.recipetoingredient", "pk": 65, "fields": {"recipe": 41, "ingredient": 14, "quantity": 2.0, "unit": 9}}, {"model": "main.recipetoingredient", "pk": 66, "fields": {"recipe": 41, "ingredient": 2, "quantity": 0.5, "unit": 9}}, {"model": "main.recipetoingredient", "pk": 67, "fields": {"recipe": 41, "ingredient": 60, "quantity": 2.0, "unit": 8}}, {"model": "main.recipetoingredient", "pk": 68, "fields": {"recipe": 41, "ingredient": 58, "quantity": 3.0, "unit": 1}}, {"model": "main.recipetoingredient", "pk": 69, "fields": {"recipe": 41, "ingredient": 117, "quantity": 1.0, "unit": 1}}, {"model": "main.recipetoingredient", "pk": 70, "fields": {"recipe": 41, "ingredient": 64, "quantity": 0.5, "unit": 1}}, {"model": "main.recipetoingredient", "pk": 71, "fields": {"recipe": 36, "ingredient": 9, "quantity": 2.0, "unit": 7}}, {"model": "main.recipetoingredient", "pk": 72, "fields": {"recipe": 36, "ingredient": 20, "quantity": 12.0, "unit": 5}}, {"model": "main.recipetoingredient", "pk": 73, "fields": {"recipe": 36, "ingredient": 12, "quantity": 0.75, "unit": 1}}, {"model": "main.recipetoingredient", "pk": 74, "fields": {"recipe": 36, "ingredient": 5, "quantity": 2.25, "unit": 1}}, {"model": "main.recipetoingredient", "pk": 75, "fields": {"recipe": 36, "ingredient": 15, "quantity": 0.5, "unit": 9}}, {"model": "main.recipetoingredient", "pk": 76, "fields": {"recipe": 36, "ingredient": 2, "quantity": 0.25, "unit": 9}}, {"model": "main.recipetoingredient", "pk": 77, "fields": {"recipe": 42, "ingredient": 80, "quantity": 3.0, "unit": 7}}, {"model": "main.recipetoingredient", "pk": 78, "fields": {"recipe": 42, "ingredient": 118, "quantity": 1.0, "unit": 7}}, {"model": "main.recipetoingredient", "pk": 79, "fields": {"recipe": 42, "ingredient": 24, "quantity": 0.25, "unit": 1}}, {"model": "main.recipetoingredient", "pk": 80, "fields": {"recipe": 42, "ingredient": 119, "quantity": 1.0, "unit": 9}}, {"model": "main.recipetoingredient", "pk": 81, "fields": {"recipe": 42, "ingredient": 2, "quantity": 0.25, "unit": 9}}, {"model": "main.recipetoingredient", "pk": 82, "fields": {"recipe": 42, "ingredient": 9, "quantity": 2.0, "unit": 7}}, {"model": "main.recipetoingredient", "pk": 83, "fields": {"recipe": 42, "ingredient": 82, "quantity": 2.0, "unit": 9}}, {"model": "main.recipetoingredient", "pk": 84, "fields": {"recipe": 42, "ingredient": 81, "quantity": 2.0, "unit": 7}}, {"model": "main.recipetoingredient", "pk": 85, "fields": {"recipe": 42, "ingredient": 29, "quantity": 0.25, "unit": 7}}, {"model": "main.recipetoingredient", "pk": 86, "fields": {"recipe": 42, "ingredient": 25, "quantity": 1.0, "unit": 10}}, {"model": "main.recipetoingredient", "pk": 87, "fields": {"recipe": 43, "ingredient": 5, "quantity": 1.0, "unit": 1}}, {"model": "main.recipetoingredient", "pk": 88, "fields": {"recipe": 43, "ingredient": 120, "quantity": 1.0, "unit": 1}}, {"model": "main.recipetoingredient", "pk": 89, "fields": {"recipe": 43, "ingredient": 121, "quantity": 0.5, "unit": 1}}, {"model": "main.recipetoingredient", "pk": 90, "fields": {"recipe": 43, "ingredient": 6, "quantity": 0.33, "unit": 1}}, {"model": "main.recipetoingredient", "pk": 91, "fields": {"recipe": 43, "ingredient": 122, "quantity": 1.25, "unit": 1}}, {"model": "main.recipetoingredient", "pk": 92, "fields": {"recipe": 43, "ingredient": 9, "quantity": 1.0, "unit": 7}}, {"model": "main.recipetoingredient", "pk": 93, "fields": {"recipe": 43, "ingredient": 123, "quantity": 1.0, "unit": 1}}, {"model": "main.recipetoingredient", "pk": 94, "fields": {"recipe": 43, "ingredient": 124, "quantity": 2.0, "unit": 9}}, {"model": "main.recipetoingredient", "pk": 95, "fields": {"recipe": 43, "ingredient": 14, "quantity": 1.0, "unit": 9}}, {"model": "main.recipetoingredient", "pk": 96, "fields": {"recipe": 43, "ingredient": 2, "quantity": 0.25, "unit": 9}}, {"model": "main.recipetoingredient", "pk": 97, "fields": {"recipe": 43, "ingredient": 118, "quantity": 2.0, "unit": 7}}, {"model": "main.recipetoingredient", "pk": 98, "fields": {"recipe": 43, "ingredient": 21, "quantity": 1.0, "unit": 8}}, {"model": "main.utensil", "pk": 1, "fields": {"name": "Flame Thrower"}}, {"model": "main.utensil", "pk": 2, "fields": {"name": "Bread Machine"}}, {"model": "main.utensil", "pk": 3, "fields": {"name": "Oven"}}, {"model": "main.utensil", "pk": 4, "fields": {"name": "Whisk"}}, {"model": "main.utensil", "pk": 5, "fields": {"name": "Mixing Bowl"}}, {"model": "main.utensil", "pk": 6, "fields": {"name": "Cake Tins"}}, {"model": "main.utensil", "pk": 7, "fields": {"name": "Grater"}}, {"model": "main.utensil", "pk": 8, "fields": {"name": "Measuring Cups"}}, {"model": "main.utensil", "pk": 9, "fields": {"name": "Spatula"}}, {"model": "main.utensil", "pk": 10, "fields": {"name": "Pan"}}, {"model": "main.utensil", "pk": 11, "fields": {"name": "Knife"}}, {"model": "main.utensil", "pk": 12, "fields": {"name": "Cutting Board"}}, {"model": "main.utensil", "pk": 18, "fields": {"name": "Electric Mixer"}}, {"model": "main.utensil", "pk": 20, "fields": {"name": "Salad Bowl"}}, {"model": "main.utensil", "pk": 21, "fields": {"name": "Muffin Tray"}}, {"model": "main.utensil", "pk": 22, "fields": {"name": "Stove"}}, {"model": "main.keyword", "pk": 2, "fields": {"name": "Baking"}}, {"model": "main.keyword", "pk": 19, "fields": {"name": "Healthy"}}, {"model": "main.keyword", "pk": 20, "fields": {"name": "indian food"}}, {"model": "main.keyword", "pk": 21, "fields": {"name": "spicy"}}, {"model": "main.keyword", "pk": 22, "fields": {"name": "fruit"}}, {"model": "main.recipestep", "pk": 32, "fields": {"recipe": 36, "stepNumber": 1, "text": "Preheat oven to 350 degrees Fahrenheit.", "weighAction": false, "weighValue": 0, "timeAction": false, "timeValue": 0, "preheatAction": true, "preheatValue": 350}}, {"model": "main.recipestep", "pk": 33, "fields": {"recipe": 36, "stepNumber": 2, "text": "In a large mixing bowl, combine flour, baking soda, and salt.", "weighAction": false, "weighValue": 0, "timeAction": false, "timeValue": 0, "preheatAction": false, "preheatValue": 0}}, {"model": "main.recipestep", "pk": 34, "fields": {"recipe": 36, "stepNumber": 3, "text": "In a small mixing bowl, beat butter until light and fluffy. About 2 minutes.", "weighAction": false, "weighValue": 0, "timeAction": true, "timeValue": 2, "preheatAction": false, "preheatValue": 0}}, {"model": "main.recipestep", "pk": 35, "fields": {"recipe": 36, "stepNumber": 4, "text": "Add both sugars to the creamed butter and beat on high speed for 3 minutes.", "weighAction": false, "weighValue": 0, "timeAction": true, "timeValue": 3, "preheatAction": false, "preheatValue": 0}}, {"model": "main.recipestep", "pk": 36, "fields": {"recipe": 36, "stepNumber": 5, "text": "Add the eggs to the butter mixture, one at a time, beating the mixture in between each addition.", "weighAction": false, "weighValue": 0, "timeAction": false, "timeValue": 0, "preheatAction": false, "preheatValue": 0}}, {"model": "main.recipestep", "pk": 37, "fields": {"recipe": 36, "stepNumber": 6, "text": "Add the vanilla extract to the wet mixture.", "weighAction": false, "weighValue": 0, "timeAction": false, "timeValue": 0, "preheatAction": false, "preheatValue": 0}}, {"model": "main.recipestep", "pk": 38, "fields": {"recipe": 36, "stepNumber": 7, "text": "Gently fold the wet mixture into the flour.", "weighAction": false, "weighValue": 0, "timeAction": false, "timeValue": 0, "preheatAction": false, "preheatValue": 0}}, {"model": "main.recipestep", "pk": 39, "fields": {"recipe": 36, "stepNumber": 8, "text": "Mix in the chocolate chips.", "weighAction": true, "weighValue": 12, "timeAction": false, "timeValue": 0, "preheatAction": false, "preheatValue": 0}}, {"model": "main.recipestep", "pk": 40, "fields": {"recipe": 36, "stepNumber": 9, "text": "Using a spoon, portion out 12 cookies onto a baking tray, leaving enough room in between.", "weighAction": false, "weighValue": 0, "timeAction": false, "timeValue": 0, "preheatAction": false, "preheatValue": 0}}, {"model": "main.recipestep", "pk": 41, "fields": {"recipe": 36, "stepNumber": 10, "text": "Bake the cookies for 8-12 minutes, until golden brown.", "weighAction": false, "weighValue": 0, "timeAction": true, "timeValue": 8, "preheatAction": false, "preheatValue": 0}}, {"model": "main.recipestep", "pk": 45, "fields": {"recipe": 39, "stepNumber": 1, "text": "Mince one clove of garlic, and saute in olive oil on medium heat.", "weighAction": false, "weighValue": 0, "timeAction": false, "timeValue": 0, "preheatAction": false, "preheatValue": 0}}, {"model": "main.recipestep", "pk": 46, "fields": {"recipe": 39, "stepNumber": 2, "text": "Add chicken breasts and cook for 10-15 minutes. Season chicken with salt and pepper.", "weighAction": false, "weighValue": 0, "timeAction": false, "timeValue": 0, "preheatAction": false, "preheatValue": 0}}, {"model": "main.recipestep", "pk": 47, "fields": {"recipe": 39, "stepNumber": 3, "text": "Chop cooked chicken, strawberries, avocado, almonds, and feta.", "weighAction": false, "weighValue": 0, "timeAction": false, "timeValue": 0, "preheatAction": false, "preheatValue": 0}}, {"model": "main.recipestep", "pk": 48, "fields": {"recipe": 39, "stepNumber": 4, "text": "In a small bowl, combine remaining olive oil, balsamic vinegar and one clove of garlic to make the dressing.", "weighAction": false, "weighValue": 0, "timeAction": false, "timeValue": 0, "preheatAction": false, "preheatValue": 0}}, {"model": "main.recipestep", "pk": 49, "fields": {"recipe": 39, "stepNumber": 5, "text": "Wash arugula, and place in a large salad bowl.", "weighAction": false, "weighValue": 0, "timeAction": false, "timeValue": 0, "preheatAction": false, "preheatValue": 0}}, {"model": "main.recipestep", "pk": 50, "fields": {"recipe": 39, "stepNumber": 6, "text": "Top salad with the other ingredients and dressing", "weighAction": false, "weighValue": 0, "timeAction": false, "timeValue": 0, "preheatAction": false, "preheatValue": 0}}, {"model": "main.recipestep", "pk": 51, "fields": {"recipe": 39, "stepNumber": 7, "text": "Toss and serve", "weighAction": false, "weighValue": 0, "timeAction": false, "timeValue": 0, "preheatAction": false, "preheatValue": 0}}, {"model": "main.recipestep", "pk": 52, "fields": {"recipe": 40, "stepNumber": 1, "text": "Finely dice onion.", "weighAction": false, "weighValue": 0, "timeAction": false, "timeValue": 0, "preheatAction": false, "preheatValue": 0}}, {"model": "main.recipestep", "pk": 53, "fields": {"recipe": 40, "stepNumber": 2, "text": "Heat oil in a large pan.", "weighAction": false, "weighValue": 0, "timeAction": false, "timeValue": 0, "preheatAction": false, "preheatValue": 0}}, {"model": "main.recipestep", "pk": 54, "fields": {"recipe": 40, "stepNumber": 3, "text": "Saute onions until tender, add spice mixture and cook for another minute or two.", "weighAction": false, "weighValue": 0, "timeAction": false, "timeValue": 0, "preheatAction": false, "preheatValue": 0}}, {"model": "main.recipestep", "pk": 55, "fields": {"recipe": 40, "stepNumber": 4, "text": "Add chicken breasts and cook thoroughly.", "weighAction": false, "weighValue": 0, "timeAction": false, "timeValue": 0, "preheatAction": false, "preheatValue": 0}}, {"model": "main.recipestep", "pk": 56, "fields": {"recipe": 40, "stepNumber": 5, "text": "Add tomato paste and tomato puree, simmer for 10 minutes.", "weighAction": false, "weighValue": 0, "timeAction": false, "timeValue": 0, "preheatAction": false, "preheatValue": 0}}, {"model": "main.recipestep", "pk": 57, "fields": {"recipe": 40, "stepNumber": 6, "text": "Add heavy cream and continue cooking for 2 minutes.", "weighAction": false, "weighValue": 0, "timeAction": false, "timeValue": 0, "preheatAction": false, "preheatValue": 0}}, {"model": "main.recipestep", "pk": 58, "fields": {"recipe": 40, "stepNumber": 7, "text": "Remove from heat and serve warm over rice or with naan bread.", "weighAction": false, "weighValue": 0, "timeAction": false, "timeValue": 0, "preheatAction": false, "preheatValue": 0}}, {"model": "main.recipestep", "pk": 59, "fields": {"recipe": 42, "stepNumber": 1, "text": "Mash avocados in a medium bowl, add lemon juice and salt.", "weighAction": false, "weighValue": 0, "timeAction": false, "timeValue": 0, "preheatAction": false, "preheatValue": 0}}, {"model": "main.recipestep", "pk": 60, "fields": {"recipe": 42, "stepNumber": 2, "text": "Bring water to a boil in a small sauce pan, add the vinegar.", "weighAction": false, "weighValue": 0, "timeAction": false, "timeValue": 0, "preheatAction": false, "preheatValue": 0}}, {"model": "main.recipestep", "pk": 61, "fields": {"recipe": 42, "stepNumber": 3, "text": "Swirl the boiling water with a spoon, and gently add the eggs one at a time.", "weighAction": false, "weighValue": 0, "timeAction": false, "timeValue": 0, "preheatAction": false, "preheatValue": 0}}, {"model": "main.recipestep", "pk": 62, "fields": {"recipe": 42, "stepNumber": 4, "text": "Remove the eggs with a slotted spoon after 3 minutes.", "weighAction": false, "weighValue": 0, "timeAction": false, "timeValue": 0, "preheatAction": false, "preheatValue": 0}}, {"model": "main.recipestep", "pk": 63, "fields": {"recipe": 42, "stepNumber": 5, "text": "Spread the avocado on the bread and garnish with arugula, onion, feta, and red pepper flakes", "weighAction": false, "weighValue": 0, "timeAction": false, "timeValue": 0, "preheatAction": false, "preheatValue": 0}}, {"model": "main.recipestep", "pk": 64, "fields": {"recipe": 43, "stepNumber": 1, "text": "Preheat oven to 400 degrees Fahrenheit.", "weighAction": false, "weighValue": 0, "timeAction": false, "timeValue": 0, "preheatAction": false, "preheatValue": 0}}, {"model": "main.recipestep", "pk": 65, "fields": {"recipe": 43, "stepNumber": 2, "text": "In a small mixing bowl, beat eggs, yogurt, apple sauce, vanilla, and sugar.", "weighAction": false, "weighValue": 0, "timeAction": false, "timeValue": 0, "preheatAction": false, "preheatValue": 0}}, {"model": "main.recipestep", "pk": 66, "fields": {"recipe": 43, "stepNumber": 3, "text": "In a medium mixing bowl sift together flour, baking soda, and salt.", "weighAction": false, "weighValue": 0, "timeAction": false, "timeValue": 0, "preheatAction": false, "preheatValue": 0}}, {"model": "main.recipestep", "pk": 67, "fields": {"recipe": 43, "stepNumber": 4, "text": "Zest lemons using a fine grater and add to flour mixture.", "weighAction": false, "weighValue": 0, "timeAction": false, "timeValue": 0, "preheatAction": false, "preheatValue": 0}}, {"model": "main.recipestep", "pk": 68, "fields": {"recipe": 43, "stepNumber": 5, "text": "Combine wet and dry mixtures, folding gently with a spatula.", "weighAction": false, "weighValue": 0, "timeAction": false, "timeValue": 0, "preheatAction": false, "preheatValue": 0}}, {"model": "main.recipestep", "pk": 69, "fields": {"recipe": 43, "stepNumber": 6, "text": "Fold in blueberries after washing.", "weighAction": false, "weighValue": 0, "timeAction": false, "timeValue": 0, "preheatAction": false, "preheatValue": 0}}, {"model": "main.recipestep", "pk": 70, "fields": {"recipe": 43, "stepNumber": 7, "text": "Grease muffin pan with butter.", "weighAction": false, "weighValue": 0, "timeAction": false, "timeValue": 0, "preheatAction": false, "preheatValue": 0}}, {"model": "main.recipestep", "pk": 71, "fields": {"recipe": 43, "stepNumber": 8, "text": "Using a large spoon, portion out muffins, filling about two thirds of the way.", "weighAction": false, "weighValue": 0, "timeAction": false, "timeValue": 0, "preheatAction": false, "preheatValue": 0}}, {"model": "main.recipestep", "pk": 72, "fields": {"recipe": 43, "stepNumber": 9, "text": "Sprinkle with coarse sugar and bake for 20 minutes.", "weighAction": false, "weighValue": 0, "timeAction": false, "timeValue": 0, "preheatAction": false, "preheatValue": 0}}, {"model": "main.user", "pk": 1, "fields": {"userName": "Jason", "age": 0, "cheese": true, "steak": false, "fastfood": true, "cupcake": false, "broccoli": false, "apple": false, "likedRecipes": []}}, {"model": "main.user", "pk": 6, "fields": {"userName": "Gera", "age": 22, "cheese": true, "steak": true, "fastfood": false, "cupcake": true, "broccoli": true, "apple": true, "likedRecipes": [36]}}, {"model": "main.user", "pk": 7, "fields": {"userName": "Miguel", "age": 23, "cheese": false, "steak": false, "fastfood": false, "cupcake": false, "broccoli": true, "apple": true, "likedRecipes": [36]}}, {"model": "main.user", "pk": 8, "fields": {"userName": "Edwin", "age": 24, "cheese": true, "steak": true, "fastfood": true, "cupcake": true, "broccoli": false, "apple": false, "likedRecipes": [36]}}]