[{"model": "main.recipe", "pk": 1, "fields": {"title": "Filet Mignon", "description": "Best steak", "estDuration": 1, "avgDuration": 1, "difficulty": 3, "rating": 5, "image": "recipe_image/Filet.jpg", "utensils": [1], "keywords": []}}, {"model": "main.recipe", "pk": 2, "fields": {"title": "French Brioche", "description": "A rich eggy bread, made easier by preparing the dough in the bread machine.", "estDuration": 155, "avgDuration": 0, "difficulty": 0, "rating": 0, "image": "recipe_image/french_brioche.jpeg", "utensils": [2, 3, 5, 8, 9], "keywords": [1]}}, {"model": "main.recipe", "pk": 3, "fields": {"title": "The Elvis: Banana Peanut Butter Cheesecake", "description": "A cheesecake with the irresistible flavors of peanut butter and bananas would be a great\u2026", "estDuration": 85, "avgDuration": 0, "difficulty": 0, "rating": 0, "image": "recipe_image/elvis_cheesecake.jpeg", "utensils": [3], "keywords": [2]}}, {"model": "main.recipe", "pk": 4, "fields": {"title": "World's Best Lasagna", "description": "It takes a little work, but it is worth it.", "estDuration": 195, "avgDuration": 0, "difficulty": 0, "rating": 5, "image": "recipe_image/lasagna.jpeg", "utensils": [3], "keywords": [1]}}, {"model": "main.recipe", "pk": 5, "fields": {"title": "Carrot Cake", "description": "A classic carrot cake with zesty citrus and cream cheese frosting", "estDuration": 90, "avgDuration": 0, "difficulty": 3, "rating": 5, "image": "recipe_image/carrot_cake.jpg", "utensils": [4, 5, 6, 7, 8, 9], "keywords": [2]}}, {"model": "main.recipe", "pk": 6, "fields": {"title": "Tagliatelle al Ragu", "description": "Authentic Italian ragu served over Tagliatelle, a classic dish from Emilia-Romagna", "estDuration": 70, "avgDuration": 0, "difficulty": 3, "rating": 4, "image": "recipe_image/ragu.jpeg", "utensils": [10, 11, 12], "keywords": []}}, {"model": "main.recipe", "pk": 24, "fields": {"title": "Blueberry Muffins", "description": "A healthy but delicious blueberry muffin", "estDuration": 45, "avgDuration": 0, "difficulty": 0, "rating": 3, "image": "recipe_image/blueberry_muffin.jpeg", "utensils": [], "keywords": []}}, {"model": "main.recipe", "pk": 36, "fields": {"title": "Chocolate Chip Cookies", "description": "A simple but timeless cookie recipe.", "estDuration": 40, "avgDuration": 0, "difficulty": 1, "rating": 5, "image": "recipe_image/chocolate_chip_cookie.jpeg", "utensils": [3, 5, 18], "keywords": [2]}}, {"model": "main.recipe", "pk": 38, "fields": {"title": "testing 123", "description": "testing the new form...", "estDuration": 80, "avgDuration": 0, "difficulty": 4, "rating": 2, "image": "recipe_image/carrot_cake_KecxfPj.jpg", "utensils": [1, 9, 19], "keywords": [16, 17, 18]}}, {"model": "main.ingredient", "pk": 1, "fields": {"name": "Filet Mignon"}}, {"model": "main.ingredient", "pk": 2, "fields": {"name": "Salt"}}, {"model": "main.ingredient", "pk": 3, "fields": {"name": "Eggs"}}, {"model": "main.ingredient", "pk": 4, "fields": {"name": "Butter"}}, {"model": "main.ingredient", "pk": 5, "fields": {"name": "All-purpose Flour"}}, {"model": "main.ingredient", "pk": 6, "fields": {"name": "White Sugar"}}, {"model": "main.ingredient", "pk": 7, "fields": {"name": "Active Dry Yeast"}}, {"model": "main.ingredient", "pk": 8, "fields": {"name": "Egg White"}}, {"model": "main.ingredient", "pk": 9, "fields": {"name": "Eggs"}}, {"model": "main.ingredient", "pk": 10, "fields": {"name": "Butter"}}, {"model": "main.ingredient", "pk": 11, "fields": {"name": "White Sugar"}}, {"model": "main.ingredient", "pk": 12, "fields": {"name": "Brown Sugar"}}, {"model": "main.ingredient", "pk": 13, "fields": {"name": "Egg Yolk"}}, {"model": "main.ingredient", "pk": 14, "fields": {"name": "Baking Powder"}}, {"model": "main.ingredient", "pk": 15, "fields": {"name": "Baking Soda"}}, {"model": "main.ingredient", "pk": 16, "fields": {"name": "All Purpose Flour"}}, {"model": "main.ingredient", "pk": 17, "fields": {"name": "Plain Flour"}}, {"model": "main.ingredient", "pk": 18, "fields": {"name": "Cake Flour"}}, {"model": "main.ingredient", "pk": 19, "fields": {"name": "Unbleached Flour"}}, {"model": "main.ingredient", "pk": 20, "fields": {"name": "Chocolate Chips"}}, {"model": "main.ingredient", "pk": 21, "fields": {"name": "Vanilla Extract"}}, {"model": "main.ingredient", "pk": 22, "fields": {"name": "Milk"}}, {"model": "main.ingredient", "pk": 23, "fields": {"name": "Strawberries"}}, {"model": "main.ingredient", "pk": 24, "fields": {"name": "Feta"}}, {"model": "main.ingredient", "pk": 25, "fields": {"name": "Arugula"}}, {"model": "main.ingredient", "pk": 26, "fields": {"name": "Balsamic Vinegar"}}, {"model": "main.ingredient", "pk": 27, "fields": {"name": "Garlic"}}, {"model": "main.ingredient", "pk": 28, "fields": {"name": "Onion"}}, {"model": "main.ingredient", "pk": 29, "fields": {"name": "Red Onion"}}, {"model": "main.ingredient", "pk": 30, "fields": {"name": "Spinach"}}, {"model": "main.ingredient", "pk": 31, "fields": {"name": "Carrots"}}, {"model": "main.ingredient", "pk": 32, "fields": {"name": "Celery"}}, {"model": "main.ingredient", "pk": 33, "fields": {"name": "Ground Beef"}}, {"model": "main.ingredient", "pk": 34, "fields": {"name": "Red Wine"}}, {"model": "main.ingredient", "pk": 35, "fields": {"name": "Taglietelle"}}, {"model": "main.ingredient", "pk": 36, "fields": {"name": "Panchetta"}}, {"model": "main.ingredient", "pk": 37, "fields": {"name": "Olive Oil"}}, {"model": "main.ingredient", "pk": 38, "fields": {"name": "Pepper"}}, {"model": "main.ingredient", "pk": 39, "fields": {"name": "Basil"}}, {"model": "main.ingredient", "pk": 40, "fields": {"name": "Oregano"}}, {"model": "main.ingredient", "pk": 41, "fields": {"name": "Black Pepper"}}, {"model": "main.ingredient", "pk": 42, "fields": {"name": "Paprika"}}, {"model": "main.ingredient", "pk": 43, "fields": {"name": "Cayenne Pepper"}}, {"model": "main.ingredient", "pk": 44, "fields": {"name": "Cumin"}}, {"model": "main.ingredient", "pk": 45, "fields": {"name": "Black Beans (Canned)"}}, {"model": "main.ingredient", "pk": 46, "fields": {"name": "Corn"}}, {"model": "main.ingredient", "pk": 47, "fields": {"name": "Bell Peppers"}}, {"model": "main.ingredient", "pk": 48, "fields": {"name": "Pinto Beans"}}, {"model": "main.ingredient", "pk": 49, "fields": {"name": "Kidney Beans"}}, {"model": "main.ingredient", "pk": 50, "fields": {"name": "Chickpeas"}}, {"model": "main.ingredient", "pk": 51, "fields": {"name": "Cheddar (grated)"}}, {"model": "main.ingredient", "pk": 52, "fields": {"name": "Parmigiano Reggiano"}}, {"model": "main.ingredient", "pk": 53, "fields": {"name": "Vegetable Stock"}}, {"model": "main.ingredient", "pk": 54, "fields": {"name": "Chicken Stock"}}, {"model": "main.ingredient", "pk": 55, "fields": {"name": "Butternut Squash (peeled and cubed)"}}, {"model": "main.ingredient", "pk": 56, "fields": {"name": "Orange"}}, {"model": "main.ingredient", "pk": 57, "fields": {"name": "Orange Zest"}}, {"model": "main.ingredient", "pk": 58, "fields": {"name": "Carrot (grated)"}}, {"model": "main.ingredient", "pk": 59, "fields": {"name": "Nutmeg"}}, {"model": "main.ingredient", "pk": 60, "fields": {"name": "Cinnamon"}}, {"model": "main.ingredient", "pk": 61, "fields": {"name": "Cloves"}}, {"model": "main.ingredient", "pk": 62, "fields": {"name": "Cream Cheese"}}, {"model": "main.ingredient", "pk": 63, "fields": {"name": "Powdered Sugar"}}, {"model": "main.ingredient", "pk": 64, "fields": {"name": "Butter (softened)"}}, {"model": "main.ingredient", "pk": 65, "fields": {"name": "Muesli"}}, {"model": "main.ingredient", "pk": 66, "fields": {"name": "Plain Yogurt"}}, {"model": "main.ingredient", "pk": 67, "fields": {"name": "Honey"}}, {"model": "main.ingredient", "pk": 68, "fields": {"name": "Rosa Tomatoes (chopped)"}}, {"model": "main.ingredient", "pk": 69, "fields": {"name": "Whole Tomatoes (canned, peeled)"}}, {"model": "main.ingredient", "pk": 70, "fields": {"name": "Diced Tomatoes (canned)"}}, {"model": "main.ingredient", "pk": 71, "fields": {"name": "Tomato Paste"}}, {"model": "main.ingredient", "pk": 72, "fields": {"name": "Cream"}}, {"model": "main.ingredient", "pk": 73, "fields": {"name": "Chicken Thighs"}}, {"model": "main.ingredient", "pk": 74, "fields": {"name": "Rice"}}, {"model": "main.ingredient", "pk": 75, "fields": {"name": "Naan Bread"}}, {"model": "main.ingredient", "pk": 76, "fields": {"name": "Kiwis"}}, {"model": "main.ingredient", "pk": 77, "fields": {"name": "Plums"}}, {"model": "main.ingredient", "pk": 78, "fields": {"name": "Peaches"}}, {"model": "main.ingredient", "pk": 79, "fields": {"name": "Lime Juice"}}, {"model": "main.ingredient", "pk": 80, "fields": {"name": "Hass Avocados"}}, {"model": "main.ingredient", "pk": 81, "fields": {"name": "Whole Grain Seed Bread (sliced)"}}, {"model": "main.ingredient", "pk": 82, "fields": {"name": "White Vinegar"}}, {"model": "main.ingredient", "pk": 83, "fields": {"name": "White Balsamic Vinegar"}}, {"model": "main.ingredient", "pk": 84, "fields": {"name": "Cream Cheese"}}, {"model": "main.ingredient", "pk": 85, "fields": {"name": "Semi-sweet Baking Chcolate"}}, {"model": "main.ingredient", "pk": 86, "fields": {"name": "Oreos"}}, {"model": "main.ingredient", "pk": 87, "fields": {"name": "Kalmata Olives"}}, {"model": "main.ingredient", "pk": 88, "fields": {"name": "Cucumber"}}, {"model": "main.ingredient", "pk": 89, "fields": {"name": "Romaine Lettuce"}}, {"model": "main.ingredient", "pk": 90, "fields": {"name": "Tomatoes"}}, {"model": "main.ingredient", "pk": 105, "fields": {"name": "testing123"}}, {"model": "main.recipetoingredient", "pk": 1, "fields": {"recipe": 1, "ingredient": 1, "quantity": 1.0, "unit": 0}}, {"model": "main.recipetoingredient", "pk": 2, "fields": {"recipe": 1, "ingredient": 2, "quantity": 2.0, "unit": 5}}, {"model": "main.recipetoingredient", "pk": 3, "fields": {"recipe": 2, "ingredient": 3, "quantity": 3.0, "unit": 2}}, {"model": "main.recipetoingredient", "pk": 4, "fields": {"recipe": 2, "ingredient": 4, "quantity": 0.75, "unit": 2}}, {"model": "main.recipetoingredient", "pk": 5, "fields": {"recipe": 2, "ingredient": 5, "quantity": 3.333, "unit": 2}}, {"model": "main.recipetoingredient", "pk": 6, "fields": {"recipe": 5, "ingredient": 3, "quantity": 3.0, "unit": 0}}, {"model": "main.recipetoingredient", "pk": 32, "fields": {"recipe": 36, "ingredient": 20, "quantity": 12.0, "unit": 5}}, {"model": "main.recipetoingredient", "pk": 33, "fields": {"recipe": 36, "ingredient": 16, "quantity": 2.25, "unit": 1}}, {"model": "main.recipetoingredient", "pk": 34, "fields": {"recipe": 36, "ingredient": 15, "quantity": 0.5, "unit": 9}}, {"model": "main.recipetoingredient", "pk": 35, "fields": {"recipe": 36, "ingredient": 21, "quantity": 2.0, "unit": 9}}, {"model": "main.recipetoingredient", "pk": 37, "fields": {"recipe": 38, "ingredient": 6, "quantity": 1.0, "unit": 9}}, {"model": "main.recipetoingredient", "pk": 38, "fields": {"recipe": 38, "ingredient": 105, "quantity": 1.0, "unit": 10}}, {"model": "main.recipetoingredient", "pk": 39, "fields": {"recipe": 38, "ingredient": 19, "quantity": 4.8, "unit": 5}}, {"model": "main.utensil", "pk": 1, "fields": {"name": "Flame Thrower"}}, {"model": "main.utensil", "pk": 2, "fields": {"name": "Bread Machine"}}, {"model": "main.utensil", "pk": 3, "fields": {"name": "Oven"}}, {"model": "main.utensil", "pk": 4, "fields": {"name": "Whisk"}}, {"model": "main.utensil", "pk": 5, "fields": {"name": "Mixing Bowl"}}, {"model": "main.utensil", "pk": 6, "fields": {"name": "Cake Tins"}}, {"model": "main.utensil", "pk": 7, "fields": {"name": "Grater"}}, {"model": "main.utensil", "pk": 8, "fields": {"name": "Measuring Cups"}}, {"model": "main.utensil", "pk": 9, "fields": {"name": "Spatula"}}, {"model": "main.utensil", "pk": 10, "fields": {"name": "Pan"}}, {"model": "main.utensil", "pk": 11, "fields": {"name": "Knife"}}, {"model": "main.utensil", "pk": 12, "fields": {"name": "Cutting Board"}}, {"model": "main.utensil", "pk": 13, "fields": {"name": ""}}, {"model": "main.utensil", "pk": 14, "fields": {"name": "hello"}}, {"model": "main.utensil", "pk": 15, "fields": {"name": "testtest2"}}, {"model": "main.utensil", "pk": 16, "fields": {"name": "testing"}}, {"model": "main.utensil", "pk": 17, "fields": {"name": "hello2"}}, {"model": "main.utensil", "pk": 18, "fields": {"name": "Electric Mixer"}}, {"model": "main.utensil", "pk": 19, "fields": {"name": "testing123"}}, {"model": "main.keyword", "pk": 1, "fields": {"name": "Test"}}, {"model": "main.keyword", "pk": 2, "fields": {"name": "Baking"}}, {"model": "main.keyword", "pk": 15, "fields": {"name": "HI"}}, {"model": "main.keyword", "pk": 16, "fields": {"name": "HELLO"}}, {"model": "main.keyword", "pk": 17, "fields": {"name": "TESTING123"}}, {"model": "main.keyword", "pk": 18, "fields": {"name": "EASY"}}, {"model": "main.recipestep", "pk": 1, "fields": {"recipe": 1, "stepNumber": 1, "text": "Sous Vide", "weighAction": false, "weighValue": 0, "timeAction": false, "timeValue": 0, "preheatAction": false, "preheatValue": 0}}, {"model": "main.recipestep", "pk": 32, "fields": {"recipe": 36, "stepNumber": 1, "text": "Preheat oven to 350 degrees Fahrenheit.", "weighAction": false, "weighValue": 0, "timeAction": false, "timeValue": 0, "preheatAction": true, "preheatValue": 350}}, {"model": "main.recipestep", "pk": 33, "fields": {"recipe": 36, "stepNumber": 2, "text": "In a large mixing bowl, combine flour, baking soda, and salt.", "weighAction": false, "weighValue": 0, "timeAction": false, "timeValue": 0, "preheatAction": false, "preheatValue": 0}}, {"model": "main.recipestep", "pk": 34, "fields": {"recipe": 36, "stepNumber": 3, "text": "In a small mixing bowl, beat butter until light and fluffy. About 2 minutes.", "weighAction": false, "weighValue": 0, "timeAction": true, "timeValue": 2, "preheatAction": false, "preheatValue": 0}}, {"model": "main.recipestep", "pk": 35, "fields": {"recipe": 36, "stepNumber": 4, "text": "Add both sugars to the creamed butter and beat on high speed for 3 minutes.", "weighAction": false, "weighValue": 0, "timeAction": true, "timeValue": 3, "preheatAction": false, "preheatValue": 0}}, {"model": "main.recipestep", "pk": 36, "fields": {"recipe": 36, "stepNumber": 5, "text": "Add the eggs to the butter mixture, one at a time, beating the mixture in between each addition.", "weighAction": false, "weighValue": 0, "timeAction": false, "timeValue": 0, "preheatAction": false, "preheatValue": 0}}, {"model": "main.recipestep", "pk": 37, "fields": {"recipe": 36, "stepNumber": 6, "text": "Add the vanilla extract to the wet mixture.", "weighAction": false, "weighValue": 0, "timeAction": false, "timeValue": 0, "preheatAction": false, "preheatValue": 0}}, {"model": "main.recipestep", "pk": 38, "fields": {"recipe": 36, "stepNumber": 7, "text": "Gently fold the wet mixture into the flour.", "weighAction": false, "weighValue": 0, "timeAction": false, "timeValue": 0, "preheatAction": false, "preheatValue": 0}}, {"model": "main.recipestep", "pk": 39, "fields": {"recipe": 36, "stepNumber": 8, "text": "Mix in the chocolate chips.", "weighAction": true, "weighValue": 12, "timeAction": false, "timeValue": 0, "preheatAction": false, "preheatValue": 0}}, {"model": "main.recipestep", "pk": 40, "fields": {"recipe": 36, "stepNumber": 9, "text": "Using a spoon, portion out 12 cookies onto a baking tray, leaving enough room in between.", "weighAction": false, "weighValue": 0, "timeAction": false, "timeValue": 0, "preheatAction": false, "preheatValue": 0}}, {"model": "main.recipestep", "pk": 41, "fields": {"recipe": 36, "stepNumber": 10, "text": "Bake the cookies for 8-12 minutes, until golden brown.", "weighAction": false, "weighValue": 0, "timeAction": true, "timeValue": 8, "preheatAction": false, "preheatValue": 0}}, {"model": "main.recipestep", "pk": 42, "fields": {"recipe": 38, "stepNumber": 1, "text": "hjkghjgjhgjhgj", "weighAction": false, "weighValue": 0, "timeAction": false, "timeValue": 0, "preheatAction": false, "preheatValue": 0}}, {"model": "main.recipestep", "pk": 43, "fields": {"recipe": 38, "stepNumber": 2, "text": "nkasdnad;skcnjndsc", "weighAction": false, "weighValue": 0, "timeAction": false, "timeValue": 0, "preheatAction": false, "preheatValue": 0}}, {"model": "main.recipestep", "pk": 44, "fields": {"recipe": 38, "stepNumber": 3, "text": "j;klasDJKLSJADKLJASD", "weighAction": false, "weighValue": 0, "timeAction": false, "timeValue": 0, "preheatAction": false, "preheatValue": 0}}, {"model": "main.user", "pk": 1, "fields": {"userName": "Jason", "age": 0, "likedRecipes": [1, 2, 3, 4, 5]}}, {"model": "main.user", "pk": 2, "fields": {"userName": "test", "age": 20, "likedRecipes": []}}, {"model": "main.user", "pk": 3, "fields": {"userName": "hi hi", "age": 20, "likedRecipes": []}}, {"model": "main.user", "pk": 4, "fields": {"userName": "a", "age": 20, "likedRecipes": []}}, {"model": "main.user", "pk": 5, "fields": {"userName": "b", "age": 20, "likedRecipes": []}}]